Column,Type,NumUniqueValues
PATIENT_ID,key,39396
PATIENT_AGE,others,46
PATIENT_GENDER,others,2
OFEV_FLAG,others,2
ESBRIET_FLAG,others,2
IPF_DIAG_FLAG,others,2
FIRST_OFEV_RX_DT,others,390
FIRST_ESBRIET_RX_DT,others,378
FIRST_IPF_DIAG_FLAG,others,549
FIRST_IPF_EXPOSURE_DT,others,548
APPEAR_IN_PMT_DX,others,1
APPEAR_IN_PMT_RX,others,1
FIRST_DX_HIST_DT,others,1344
FIRST_RX_HIST_DT,others,1318
LOOKBACK_DAYS,others,1556
INDEX_DT_LATER,others,551
DIAGNOSING_PROVIDER,others,16789
DIAGNOSING_SPECIALTY,others,125
TREATING_PROVIDER,others,4496
TREATING_SPECIALTY,others,42
ASTHMA_COPD_FLAG,others,2
IN_12_MONTHS,others,2
IN_24_MONTHS,others,2
IN_36_MONTHS,others,2
IPF_PRED_SET_TO_Y,others,71
NBR_PRED_NON_PRED_SET_TO_Y,others,80
LVL1_IPF_PRED_FLAG,others,2
LVL1_IPF_PRED_M_S_DT,others,1394
LVL1_IPF_PRED_CLM_CNT,others,1112
LVL1_IPF_PRED_VST_CNT,others,676
LVL1_IPF_PRED_AVG_RXDX,others,35837
LVL1_NOT_PRED_FLAG,others,2
LVL1_NOT_PRED_M_S_DT,others,2214
LVL1_NOT_PRED_CLM_CNT,others,180
LVL1_NOT_PRED_VST_CNT,others,175
LVL1_NOT_PRED_AVG_RXDX,others,14484
LVL2_IPF_DIAG_FLAG,others,2
LVL2_IPF_DIAG_M_S_DT,others,2146
LVL2_IPF_DIAG_CLM_CNT,others,26
LVL2_IPF_DIAG_VST_CNT,others,23
LVL2_IPF_DIAG_AVG_RXDX,others,4746
LVL2_RFOPC_FLAG,others,2
LVL2_RFOPC_M_S_DT,others,1492
LVL2_RFOPC_CLM_CNT,others,135
LVL2_RFOPC_VST_CNT,others,127
LVL2_RFOPC_AVG_RXDX,others,4129
LVL2_IPF_RPD_KC_FLAG,others,2
LVL2_IPF_RPD_KC_M_S_DT,others,1962
LVL2_IPF_RPD_KC_CLM_CNT,others,121
LVL2_IPF_RPD_KC_VST_CNT,others,120
LVL2_IPF_RPD_KC_AVG_RXDX,others,10611
LVL2_IPF_RPD_I_FLAG,others,2
LVL2_IPF_RPD_I_M_S_DT,others,1571
LVL2_IPF_RPD_I_CLM_CNT,others,65
LVL2_IPF_RPD_I_VST_CNT,others,66
LVL2_IPF_RPD_I_AVG_RXDX,others,3571
LVL2_OL_IPF_TRT_FLAG,others,2
LVL2_OL_IPF_TRT_M_S_DT,others,1552
LVL2_OL_IPF_TRT_CLM_CNT,others,81
LVL2_OL_IPF_TRT_VST_CNT,others,2
LVL2_OL_IPF_TRT_AVG_RXDX,others,2943
LVL2_PROC_PRED_FLAG,others,2
LVL2_PROC_PRED_M_S_DT,others,2256
LVL2_PROC_PRED_CLM_CNT,others,199
LVL2_PROC_PRED_VST_CNT,others,197
LVL2_PROC_PRED_AVG_RXDX,others,19035
LVL2_TRT_DX_PRED_FLAG,others,2
LVL2_TRT_DX_PRED_M_S_DT,others,1805
LVL2_TRT_DX_PRED_CLM_CNT,others,85
LVL2_TRT_DX_PRED_VST_CNT,others,91
LVL2_TRT_DX_PRED_AVG_RXDX,others,4293
LVL2_TRT_LRX_PRED_FLAG,others,2
LVL2_TRT_LRX_PRED_M_S_DT,others,1688
LVL2_TRT_LRX_PRED_CLM_CNT,others,839
LVL2_TRT_LRX_PRED_VST_CNT,others,2
LVL2_TRT_LRX_PRED_AVG_RXDX,others,33977
LVL2_TRT_DXLRX_PRED_FLAG,others,2
LVL2_TRT_DXLRX_PRED_M_S_DT,others,1805
LVL2_TRT_DXLRX_PRED_CLM_CNT,others,85
LVL2_TRT_DXLRX_PRED_VST_CNT,others,91
LVL2_TRT_DXLRX_PRED_AVG_RXDX,others,4293
LVL2_DIAG_PRED_FLAG,others,2
LVL2_DIAG_PRED_M_S_DT,others,1956
LVL2_DIAG_PRED_CLM_CNT,others,527
LVL2_DIAG_PRED_VST_CNT,others,612
LVL2_DIAG_PRED_AVG_RXDX,others,30473
LVL3_HR_CT_SC_FLAG,others,2
LVL3_HR_CT_SC_M_S_DT,others,2145
LVL3_HR_CT_SC_CLM_CNT,others,25
LVL3_HR_CT_SC_VST_CNT,others,23
LVL3_HR_CT_SC_AVG_RXDX,others,4493
LVL3_LUNG_BIOP_FLAG,others,2
LVL3_LUNG_BIOP_M_S_DT,others,1089
LVL3_LUNG_BIOP_CLM_CNT,others,14
LVL3_LUNG_BIOP_VST_CNT,others,14
LVL3_LUNG_BIOP_AVG_RXDX,others,1374
LVL3_EH_MC_FLAG,others,2
LVL3_EH_MC_M_S_DT,others,21
LVL3_EH_MC_CLM_CNT,others,4
LVL3_EH_MC_VST_CNT,others,4
LVL3_EH_MC_AVG_RXDX,others,21
LVL3_E_ASBES_FLAG,others,1
LVL3_E_ASBES_M_S_DT,others,1
LVL3_E_ASBES_CLM_CNT,others,1
LVL3_E_ASBES_VST_CNT,others,1
LVL3_E_ASBES_AVG_RXDX,others,1
LVL3_RA_FLAG,others,2
LVL3_RA_M_S_DT,others,1314
LVL3_RA_CLM_CNT,others,115
LVL3_RA_VST_CNT,others,104
LVL3_RA_AVG_RXDX,others,2870
LVL3_SICCA_FLAG,others,2
LVL3_SICCA_M_S_DT,others,465
LVL3_SICCA_CLM_CNT,others,33
LVL3_SICCA_VST_CNT,others,32
LVL3_SICCA_AVG_RXDX,others,538
LVL3_SLE_FLAG,others,2
LVL3_SLE_M_S_DT,others,591
LVL3_SLE_CLM_CNT,others,67
LVL3_SLE_VST_CNT,others,65
LVL3_SLE_AVG_RXDX,others,775
LVL3_SYS_SCLER_FLAG,others,2
LVL3_SYS_SCLER_M_S_DT,others,495
LVL3_SYS_SCLER_CLM_CNT,others,68
LVL3_SYS_SCLER_VST_CNT,others,67
LVL3_SYS_SCLER_AVG_RXDX,others,613
LVL3_LI_SAR_FLAG,others,2
LVL3_LI_SAR_M_S_DT,others,280
LVL3_LI_SAR_CLM_CNT,others,21
LVL3_LI_SAR_VST_CNT,others,19
LVL3_LI_SAR_AVG_RXDX,others,290
LVL3_LI_SCLER_FLAG,others,2
LVL3_LI_SCLER_M_S_DT,others,106
LVL3_LI_SCLER_CLM_CNT,others,21
LVL3_LI_SCLER_VST_CNT,others,21
LVL3_LI_SCLER_AVG_RXDX,others,110
LVL3_PI_FIBRO_FLAG,others,2
LVL3_PI_FIBRO_M_S_DT,others,1959
LVL3_PI_FIBRO_CLM_CNT,others,120
LVL3_PI_FIBRO_VST_CNT,others,118
LVL3_PI_FIBRO_AVG_RXDX,others,10458
LVL3_RHEU_HD_FLAG,others,2
LVL3_RHEU_HD_M_S_DT,others,17
LVL3_RHEU_HD_CLM_CNT,others,7
LVL3_RHEU_HD_VST_CNT,others,7
LVL3_RHEU_HD_AVG_RXDX,others,16
LVL3_RHEU_PNEU_FLAG,others,2
LVL3_RHEU_PNEU_M_S_DT,others,20
LVL3_RHEU_PNEU_CLM_CNT,others,7
LVL3_RHEU_PNEU_VST_CNT,others,7
LVL3_RHEU_PNEU_AVG_RXDX,others,20
LVL3_RHEU_LUNG_FLAG,others,2
LVL3_RHEU_LUNG_M_S_DT,others,288
LVL3_RHEU_LUNG_CLM_CNT,others,25
LVL3_RHEU_LUNG_VST_CNT,others,27
LVL3_RHEU_LUNG_AVG_RXDX,others,312
LVL3_SARCOID_FLAG,others,2
LVL3_SARCOID_M_S_DT,others,544
LVL3_SARCOID_CLM_CNT,others,73
LVL3_SARCOID_VST_CNT,others,73
LVL3_SARCOID_AVG_RXDX,others,694
LVL3_PNEU_OH_FLAG,others,2
LVL3_PNEU_OH_M_S_DT,others,472
LVL3_PNEU_OH_CLM_CNT,others,33
LVL3_PNEU_OH_VST_CNT,others,32
LVL3_PNEU_OH_AVG_RXDX,others,541
LVL3_ACUT_I_PNEU_FLAG,others,2
LVL3_ACUT_I_PNEU_M_S_DT,others,177
LVL3_ACUT_I_PNEU_CLM_CNT,others,17
LVL3_ACUT_I_PNEU_VST_CNT,others,20
LVL3_ACUT_I_PNEU_AVG_RXDX,others,186
LVL3_CRYP_ORG_PNEU_FLAG,others,2
LVL3_CRYP_ORG_PNEU_M_S_DT,others,133
LVL3_CRYP_ORG_PNEU_CLM_CNT,others,22
LVL3_CRYP_ORG_PNEU_VST_CNT,others,23
LVL3_CRYP_ORG_PNEU_AVG_RXDX,others,146
LVL3_DESQ_I_PNEU_FLAG,others,2
LVL3_DESQ_I_PNEU_M_S_DT,others,26
LVL3_DESQ_I_PNEU_CLM_CNT,others,13
LVL3_DESQ_I_PNEU_VST_CNT,others,13
LVL3_DESQ_I_PNEU_AVG_RXDX,others,25
LVL3_ID_I_PNEU_FLAG,others,2
LVL3_ID_I_PNEU_M_S_DT,others,713
LVL3_ID_I_PNEU_CLM_CNT,others,35
LVL3_ID_I_PNEU_VST_CNT,others,36
LVL3_ID_I_PNEU_AVG_RXDX,others,1448
LVL3_ID_I_PNEU_NOS_FLAG,others,2
LVL3_ID_I_PNEU_NOS_M_S_DT,others,996
LVL3_ID_I_PNEU_NOS_CLM_CNT,others,47
LVL3_ID_I_PNEU_NOS_VST_CNT,others,50
LVL3_ID_I_PNEU_NOS_AVG_RXDX,others,2037
LVL3_ID_LYM_I_PNEU_FLAG,others,2
LVL3_ID_LYM_I_PNEU_M_S_DT,others,20
LVL3_ID_LYM_I_PNEU_CLM_CNT,others,6
LVL3_ID_LYM_I_PNEU_VST_CNT,others,7
LVL3_ID_LYM_I_PNEU_AVG_RXDX,others,20
LVL3_ID_NS_PNEU_FLAG,others,2
LVL3_ID_NS_PNEU_M_S_DT,others,309
LVL3_ID_NS_PNEU_CLM_CNT,others,26
LVL3_ID_NS_PNEU_VST_CNT,others,27
LVL3_ID_NS_PNEU_AVG_RXDX,others,359
LVL3_RESP_BRON_I_LD_FLAG,others,2
LVL3_RESP_BRON_I_LD_M_S_DT,others,735
LVL3_RESP_BRON_I_LD_CLM_CNT,others,47
LVL3_RESP_BRON_I_LD_VST_CNT,others,38
LVL3_RESP_BRON_I_LD_AVG_RXDX,others,1110
LVL3_AZATHIO_FLAG,others,1
LVL3_AZATHIO_M_S_DT,others,1
LVL3_AZATHIO_CLM_CNT,others,1
LVL3_AZATHIO_VST_CNT,others,1
LVL3_AZATHIO_AVG_RXDX,others,1
LVL3_BOSEN_FLAG,others,1
LVL3_BOSEN_M_S_DT,others,1
LVL3_BOSEN_CLM_CNT,others,1
LVL3_BOSEN_VST_CNT,others,1
LVL3_BOSEN_AVG_RXDX,others,1
LVL3_COLCH_FLAG,others,2
LVL3_COLCH_M_S_DT,others,1059
LVL3_COLCH_CLM_CNT,others,58
LVL3_COLCH_VST_CNT,others,2
LVL3_COLCH_AVG_RXDX,others,1477
LVL3_CYCLOPH_FLAG,others,2
LVL3_CYCLOPH_M_S_DT,others,153
LVL3_CYCLOPH_CLM_CNT,others,27
LVL3_CYCLOPH_VST_CNT,others,2
LVL3_CYCLOPH_AVG_RXDX,others,158
LVL3_CYCLOSP_FLAG,others,2
LVL3_CYCLOSP_M_S_DT,others,19
LVL3_CYCLOSP_CLM_CNT,others,10
LVL3_CYCLOSP_VST_CNT,others,2
LVL3_CYCLOSP_AVG_RXDX,others,19
LVL3_MYCOPH_FLAG,others,2
LVL3_MYCOPH_M_S_DT,others,895
LVL3_MYCOPH_CLM_CNT,others,78
LVL3_MYCOPH_VST_CNT,others,2
LVL3_MYCOPH_AVG_RXDX,others,1266
LVL3_N_ACETL_FLAG,others,2
LVL3_N_ACETL_M_S_DT,others,550
LVL3_N_ACETL_CLM_CNT,others,31
LVL3_N_ACETL_VST_CNT,others,2
LVL3_N_ACETL_AVG_RXDX,others,591
LVL3_SILDEN_FLAG,others,1
LVL3_SILDEN_M_S_DT,others,1
LVL3_SILDEN_CLM_CNT,others,1
LVL3_SILDEN_VST_CNT,others,1
LVL3_SILDEN_AVG_RXDX,others,1
LVL3_6_M_WALK_FLAG,others,2
LVL3_6_M_WALK_M_S_DT,others,1482
LVL3_6_M_WALK_CLM_CNT,others,23
LVL3_6_M_WALK_VST_CNT,others,22
LVL3_6_M_WALK_AVG_RXDX,others,2499
LVL3_B_G_EVAL_FLAG,others,2
LVL3_B_G_EVAL_M_S_DT,others,633
LVL3_B_G_EVAL_CLM_CNT,others,22
LVL3_B_G_EVAL_VST_CNT,others,26
LVL3_B_G_EVAL_AVG_RXDX,others,661
LVL3_BRON_LAVAGE_FLAG,others,2
LVL3_BRON_LAVAGE_M_S_DT,others,1020
LVL3_BRON_LAVAGE_CLM_CNT,others,15
LVL3_BRON_LAVAGE_VST_CNT,others,14
LVL3_BRON_LAVAGE_AVG_RXDX,others,1084
LVL3_CHEST_XRAY_FLAG,others,2
LVL3_CHEST_XRAY_M_S_DT,others,2257
LVL3_CHEST_XRAY_CLM_CNT,others,106
LVL3_CHEST_XRAY_VST_CNT,others,112
LVL3_CHEST_XRAY_AVG_RXDX,others,10199
LVL3_CHEST_ULTRA_FLAG,others,2
LVL3_CHEST_ULTRA_M_S_DT,others,184
LVL3_CHEST_ULTRA_CLM_CNT,others,5
LVL3_CHEST_ULTRA_VST_CNT,others,5
LVL3_CHEST_ULTRA_AVG_RXDX,others,178
LVL3_COR_ANGIO_FLAG,others,2
LVL3_COR_ANGIO_M_S_DT,others,1304
LVL3_COR_ANGIO_CLM_CNT,others,11
LVL3_COR_ANGIO_VST_CNT,others,11
LVL3_COR_ANGIO_AVG_RXDX,others,1539
LVL3_COR_BYPASS_FLAG,others,2
LVL3_COR_BYPASS_M_S_DT,others,356
LVL3_COR_BYPASS_CLM_CNT,others,10
LVL3_COR_BYPASS_VST_CNT,others,7
LVL3_COR_BYPASS_AVG_RXDX,others,372
LVL3_GASTROSC_FLAG,others,2
LVL3_GASTROSC_M_S_DT,others,900
LVL3_GASTROSC_CLM_CNT,others,9
LVL3_GASTROSC_VST_CNT,others,9
LVL3_GASTROSC_AVG_RXDX,others,840
LVL3_O_PULM_F_T_FLAG,others,2
LVL3_O_PULM_F_T_M_S_DT,others,1767
LVL3_O_PULM_F_T_CLM_CNT,others,84
LVL3_O_PULM_F_T_VST_CNT,others,79
LVL3_O_PULM_F_T_AVG_RXDX,others,9611
LVL3_O2_EVAL_FLAG,others,2
LVL3_O2_EVAL_M_S_DT,others,148
LVL3_O2_EVAL_CLM_CNT,others,10
LVL3_O2_EVAL_VST_CNT,others,9
LVL3_O2_EVAL_AVG_RXDX,others,150
LVL3_O2_SATUR_FLAG,others,2
LVL3_O2_SATUR_M_S_DT,others,1927
LVL3_O2_SATUR_CLM_CNT,others,49
LVL3_O2_SATUR_VST_CNT,others,49
LVL3_O2_SATUR_AVG_RXDX,others,4184
LVL3_O2_THER_FLAG,others,2
LVL3_O2_THER_M_S_DT,others,2043
LVL3_O2_THER_CLM_CNT,others,148
LVL3_O2_THER_VST_CNT,others,145
LVL3_O2_THER_AVG_RXDX,others,8504
LVL3_PULM_REHAB_FLAG,others,2
LVL3_PULM_REHAB_M_S_DT,others,1208
LVL3_PULM_REHAB_CLM_CNT,others,63
LVL3_PULM_REHAB_VST_CNT,others,66
LVL3_PULM_REHAB_AVG_RXDX,others,1503
LVL3_THYRD_ULTRA_FLAG,others,2
LVL3_THYRD_ULTRA_M_S_DT,others,958
LVL3_THYRD_ULTRA_CLM_CNT,others,11
LVL3_THYRD_ULTRA_VST_CNT,others,11
LVL3_THYRD_ULTRA_AVG_RXDX,others,1039
LVL3_ANTI_ARTH_DX_FLAG,others,2
LVL3_ANTI_ARTH_DX_M_S_DT,others,905
LVL3_ANTI_ARTH_DX_CLM_CNT,others,59
LVL3_ANTI_ARTH_DX_VST_CNT,others,58
LVL3_ANTI_ARTH_DX_AVG_RXDX,others,1316
LVL3_ANTI_ASTH_DX_FLAG,others,2
LVL3_ANTI_ASTH_DX_M_S_DT,others,1268
LVL3_ANTI_ASTH_DX_CLM_CNT,others,53
LVL3_ANTI_ASTH_DX_VST_CNT,others,51
LVL3_ANTI_ASTH_DX_AVG_RXDX,others,1649
LVL3_ANTI_BIO_DX_FLAG,others,2
LVL3_ANTI_BIO_DX_M_S_DT,others,1535
LVL3_ANTI_BIO_DX_CLM_CNT,others,57
LVL3_ANTI_BIO_DX_VST_CNT,others,64
LVL3_ANTI_BIO_DX_AVG_RXDX,others,2149
LVL3_ANTI_COAG_DX_FLAG,others,2
LVL3_ANTI_COAG_DX_M_S_DT,others,117
LVL3_ANTI_COAG_DX_CLM_CNT,others,21
LVL3_ANTI_COAG_DX_VST_CNT,others,20
LVL3_ANTI_COAG_DX_AVG_RXDX,others,119
LVL3_CARD_AGNT_DX_FLAG,others,2
LVL3_CARD_AGNT_DX_M_S_DT,others,804
LVL3_CARD_AGNT_DX_CLM_CNT,others,35
LVL3_CARD_AGNT_DX_VST_CNT,others,33
LVL3_CARD_AGNT_DX_AVG_RXDX,others,913
LVL3_CHROHNS_FLAG,others,2
LVL3_CHROHNS_M_S_DT,others,278
LVL3_CHROHNS_CLM_CNT,others,32
LVL3_CHROHNS_VST_CNT,others,30
LVL3_CHROHNS_AVG_RXDX,others,294
LVL3_CROHNS_DX_FLAG,others,2
LVL3_CROHNS_DX_M_S_DT,others,2
LVL3_CROHNS_DX_CLM_CNT,others,2
LVL3_CROHNS_DX_VST_CNT,others,2
LVL3_CROHNS_DX_AVG_RXDX,others,2
LVL3_CROHNS_TRT_LRX_FLAG,others,2
LVL3_CROHNS_TRT_LRX_M_S_DT,others,398
LVL3_CROHNS_TRT_LRX_CLM_CNT,others,59
LVL3_CROHNS_TRT_LRX_VST_CNT,others,2
LVL3_CROHNS_TRT_LRX_AVG_RXDX,others,510
LVL3_GERD_FLAG,others,2
LVL3_GERD_M_S_DT,others,1721
LVL3_GERD_CLM_CNT,others,55
LVL3_GERD_VST_CNT,others,53
LVL3_GERD_AVG_RXDX,others,5988
LVL3_GERD_DX_FLAG,others,2
LVL3_GERD_DX_M_S_DT,others,110
LVL3_GERD_DX_CLM_CNT,others,22
LVL3_GERD_DX_VST_CNT,others,20
LVL3_GERD_DX_AVG_RXDX,others,114
LVL3_GERD_LRX_FLAG,others,2
LVL3_GERD_LRX_M_S_DT,others,2114
LVL3_GERD_LRX_CLM_CNT,others,158
LVL3_GERD_LRX_VST_CNT,others,2
LVL3_GERD_LRX_AVG_RXDX,others,15148
LVL3_LNG_CA_AO_DX_FLAG,others,2
LVL3_LNG_CA_AO_DX_M_S_DT,others,474
LVL3_LNG_CA_AO_DX_CLM_CNT,others,44
LVL3_LNG_CA_AO_DX_VST_CNT,others,42
LVL3_LNG_CA_AO_DX_AVG_RXDX,others,569
LVL3_ANTI_ARTH_LRX_FLAG,others,2
LVL3_ANTI_ARTH_LRX_M_S_DT,others,2022
LVL3_ANTI_ARTH_LRX_CLM_CNT,others,177
LVL3_ANTI_ARTH_LRX_VST_CNT,others,2
LVL3_ANTI_ARTH_LRX_AVG_RXDX,others,12083
LVL3_ANTI_ASTH_LRX_FLAG,others,2
LVL3_ANTI_ASTH_LRX_M_S_DT,others,2203
LVL3_ANTI_ASTH_LRX_CLM_CNT,others,246
LVL3_ANTI_ASTH_LRX_VST_CNT,others,2
LVL3_ANTI_ASTH_LRX_AVG_RXDX,others,14918
LVL3_ANTI_BIO_LRX_FLAG,others,2
LVL3_ANTI_BIO_LRX_M_S_DT,others,2064
LVL3_ANTI_BIO_LRX_CLM_CNT,others,175
LVL3_ANTI_BIO_LRX_VST_CNT,others,2
LVL3_ANTI_BIO_LRX_AVG_RXDX,others,17561
LVL3_ANTI_COAG_LRX_FLAG,others,2
LVL3_ANTI_COAG_LRX_M_S_DT,others,1973
LVL3_ANTI_COAG_LRX_CLM_CNT,others,116
LVL3_ANTI_COAG_LRX_VST_CNT,others,2
LVL3_ANTI_COAG_LRX_AVG_RXDX,others,6325
LVL3_ANTI_DIAB_LRX_FLAG,others,2
LVL3_ANTI_DIAB_LRX_M_S_DT,others,1786
LVL3_ANTI_DIAB_LRX_CLM_CNT,others,232
LVL3_ANTI_DIAB_LRX_VST_CNT,others,2
LVL3_ANTI_DIAB_LRX_AVG_RXDX,others,9525
LVL3_ANTI_HYPERLP_LRX_FLAG,others,2
LVL3_ANTI_HYPERLP_LRX_M_S_DT,others,1985
LVL3_ANTI_HYPERLP_LRX_CLM_CNT,others,216
LVL3_ANTI_HYPERLP_LRX_VST_CNT,others,2
LVL3_ANTI_HYPERLP_LRX_AVG_RXDX,others,17759
LVL3_CARD_AGNT_LRX_FLAG,others,2
LVL3_CARD_AGNT_LRX_M_S_DT,others,2045
LVL3_CARD_AGNT_LRX_CLM_CNT,others,426
LVL3_CARD_AGNT_LRX_VST_CNT,others,2
LVL3_CARD_AGNT_LRX_AVG_RXDX,others,25433
LVL3_COUGH_SUP_LRX_FLAG,others,2
LVL3_COUGH_SUP_LRX_M_S_DT,others,2117
LVL3_COUGH_SUP_LRX_CLM_CNT,others,94
LVL3_COUGH_SUP_LRX_VST_CNT,others,2
LVL3_COUGH_SUP_LRX_AVG_RXDX,others,6504
LVL3_LNG_CA_AO_LRX_FLAG,others,2
LVL3_LNG_CA_AO_LRX_M_S_DT,others,39
LVL3_LNG_CA_AO_LRX_CLM_CNT,others,14
LVL3_LNG_CA_AO_LRX_VST_CNT,others,2
LVL3_LNG_CA_AO_LRX_AVG_RXDX,others,39
LVL3_PRED_LRX_FLAG,others,2
LVL3_PRED_LRX_M_S_DT,others,2215
LVL3_PRED_LRX_CLM_CNT,others,110
LVL3_PRED_LRX_VST_CNT,others,2
LVL3_PRED_LRX_AVG_RXDX,others,11083
LVL3_THYRD_AGNT_LRX_FLAG,others,2
LVL3_THYRD_AGNT_LRX_M_S_DT,others,1659
LVL3_THYRD_AGNT_LRX_CLM_CNT,others,148
LVL3_THYRD_AGNT_LRX_VST_CNT,others,2
LVL3_THYRD_AGNT_LRX_AVG_RXDX,others,8098
LVL3_ABN_CHST_XRAY_FLAG,others,2
LVL3_ABN_CHST_XRAY_M_S_DT,others,1400
LVL3_ABN_CHST_XRAY_CLM_CNT,others,37
LVL3_ABN_CHST_XRAY_VST_CNT,others,43
LVL3_ABN_CHST_XRAY_AVG_RXDX,others,4118
LVL3_ABN_RESP_FNC_FLAG,others,2
LVL3_ABN_RESP_FNC_M_S_DT,others,691
LVL3_ABN_RESP_FNC_CLM_CNT,others,21
LVL3_ABN_RESP_FNC_VST_CNT,others,21
LVL3_ABN_RESP_FNC_AVG_RXDX,others,788
LVL3_ABN_STRSS_TST_FLAG,others,2
LVL3_ABN_STRSS_TST_M_S_DT,others,970
LVL3_ABN_STRSS_TST_CLM_CNT,others,14
LVL3_ABN_STRSS_TST_VST_CNT,others,15
LVL3_ABN_STRSS_TST_AVG_RXDX,others,1115
LVL3_ACS_MI_FLAG,others,2
LVL3_ACS_MI_M_S_DT,others,1616
LVL3_ACS_MI_CLM_CNT,others,46
LVL3_ACS_MI_VST_CNT,others,49
LVL3_ACS_MI_AVG_RXDX,others,2510
LVL3_ACUT_RESP_INF_FLAG,others,2
LVL3_ACUT_RESP_INF_M_S_DT,others,1965
LVL3_ACUT_RESP_INF_CLM_CNT,others,59
LVL3_ACUT_RESP_INF_VST_CNT,others,63
LVL3_ACUT_RESP_INF_AVG_RXDX,others,6086
LVL3_ANRX_L_APP_FLAG,others,2
LVL3_ANRX_L_APP_M_S_DT,others,548
LVL3_ANRX_L_APP_CLM_CNT,others,18
LVL3_ANRX_L_APP_VST_CNT,others,17
LVL3_ANRX_L_APP_AVG_RXDX,others,569
LVL3_ANXI_DPRSN_FLAG,others,2
LVL3_ANXI_DPRSN_M_S_DT,others,1752
LVL3_ANXI_DPRSN_CLM_CNT,others,105
LVL3_ANXI_DPRSN_VST_CNT,others,108
LVL3_ANXI_DPRSN_AVG_RXDX,others,5121
LVL3_ASBES_EXP_FLAG,others,2
LVL3_ASBES_EXP_M_S_DT,others,216
LVL3_ASBES_EXP_CLM_CNT,others,10
LVL3_ASBES_EXP_VST_CNT,others,9
LVL3_ASBES_EXP_AVG_RXDX,others,233
LVL3_ASTHMA_FLAG,others,2
LVL3_ASTHMA_M_S_DT,others,1763
LVL3_ASTHMA_CLM_CNT,others,106
LVL3_ASTHMA_VST_CNT,others,113
LVL3_ASTHMA_AVG_RXDX,others,4903
LVL3_BRTHNG_EX_FLAG,others,2
LVL3_BRTHNG_EX_M_S_DT,others,5
LVL3_BRTHNG_EX_CLM_CNT,others,4
LVL3_BRTHNG_EX_VST_CNT,others,4
LVL3_BRTHNG_EX_AVG_RXDX,others,5
LVL3_CHEST_PN_FLAG,others,2
LVL3_CHEST_PN_M_S_DT,others,2089
LVL3_CHEST_PN_CLM_CNT,others,80
LVL3_CHEST_PN_VST_CNT,others,85
LVL3_CHEST_PN_AVG_RXDX,others,7076
LVL3_CHRN_ISCH_HD_FLAG,others,2
LVL3_CHRN_ISCH_HD_M_S_DT,others,1906
LVL3_CHRN_ISCH_HD_CLM_CNT,others,116
LVL3_CHRN_ISCH_HD_VST_CNT,others,132
LVL3_CHRN_ISCH_HD_AVG_RXDX,others,9270
LVL3_CLUB_FNGRS_FLAG,others,2
LVL3_CLUB_FNGRS_M_S_DT,others,53
LVL3_CLUB_FNGRS_CLM_CNT,others,9
LVL3_CLUB_FNGRS_VST_CNT,others,7
LVL3_CLUB_FNGRS_AVG_RXDX,others,55
LVL3_CHF_FLAG,others,2
LVL3_CHF_M_S_DT,others,1943
LVL3_CHF_CLM_CNT,others,107
LVL3_CHF_VST_CNT,others,111
LVL3_CHF_AVG_RXDX,others,5701
LVL3_COPD_DX_FLAG,others,2
LVL3_COPD_DX_M_S_DT,others,2012
LVL3_COPD_DX_CLM_CNT,others,198
LVL3_COPD_DX_VST_CNT,others,212
LVL3_COPD_DX_AVG_RXDX,others,10871
LVL3_COPD_LRX_FLAG,others,2
LVL3_COPD_LRX_M_S_DT,others,7
LVL3_COPD_LRX_CLM_CNT,others,5
LVL3_COPD_LRX_VST_CNT,others,2
LVL3_COPD_LRX_AVG_RXDX,others,7
LVL3_COUGH_FLAG,others,2
LVL3_COUGH_M_S_DT,others,2001
LVL3_COUGH_CLM_CNT,others,59
LVL3_COUGH_VST_CNT,others,58
LVL3_COUGH_AVG_RXDX,others,6506
LVL3_CRACKLES_FLAG,others,2
LVL3_CRACKLES_M_S_DT,others,822
LVL3_CRACKLES_CLM_CNT,others,18
LVL3_CRACKLES_VST_CNT,others,18
LVL3_CRACKLES_AVG_RXDX,others,886
LVL3_DSC_EXER_TOL_FLAG,others,2
LVL3_DSC_EXER_TOL_M_S_DT,others,30
LVL3_DSC_EXER_TOL_CLM_CNT,others,4
LVL3_DSC_EXER_TOL_VST_CNT,others,4
LVL3_DSC_EXER_TOL_AVG_RXDX,others,30
LVL3_DIAB_FLAG,others,2
LVL3_DIAB_M_S_DT,others,1773
LVL3_DIAB_CLM_CNT,others,148
LVL3_DIAB_VST_CNT,others,163
LVL3_DIAB_AVG_RXDX,others,9669
LVL3_DVT_FLAG,others,2
LVL3_DVT_M_S_DT,others,1042
LVL3_DVT_CLM_CNT,others,62
LVL3_DVT_VST_CNT,others,61
LVL3_DVT_AVG_RXDX,others,1342
LVL3_F_H_RESP_DIS_FLAG,others,2
LVL3_F_H_RESP_DIS_M_S_DT,others,16
LVL3_F_H_RESP_DIS_CLM_CNT,others,4
LVL3_F_H_RESP_DIS_VST_CNT,others,4
LVL3_F_H_RESP_DIS_AVG_RXDX,others,16
LVL3_H_RESP_DIS_FLAG,others,2
LVL3_H_RESP_DIS_M_S_DT,others,453
LVL3_H_RESP_DIS_CLM_CNT,others,21
LVL3_H_RESP_DIS_VST_CNT,others,21
LVL3_H_RESP_DIS_AVG_RXDX,others,499
LVL3_HYPERLIP_FLAG,others,2
LVL3_HYPERLIP_M_S_DT,others,1777
LVL3_HYPERLIP_CLM_CNT,others,88
LVL3_HYPERLIP_VST_CNT,others,83
LVL3_HYPERLIP_AVG_RXDX,others,11144
LVL3_HYPERS_PNEU_FLAG,others,2
LVL3_HYPERS_PNEU_M_S_DT,others,389
LVL3_HYPERS_PNEU_CLM_CNT,others,36
LVL3_HYPERS_PNEU_VST_CNT,others,33
LVL3_HYPERS_PNEU_AVG_RXDX,others,431
LVL3_HYPERTEN_FLAG,others,2
LVL3_HYPERTEN_M_S_DT,others,1971
LVL3_HYPERTEN_CLM_CNT,others,138
LVL3_HYPERTEN_VST_CNT,others,156
LVL3_HYPERTEN_AVG_RXDX,others,14789
LVL3_HYPERTHYR_FLAG,others,2
LVL3_HYPERTHYR_M_S_DT,others,526
LVL3_HYPERTHYR_CLM_CNT,others,26
LVL3_HYPERTHYR_VST_CNT,others,25
LVL3_HYPERTHYR_AVG_RXDX,others,564
LVL3_HYPOTHYR_FLAG,others,2
LVL3_HYPOTHYR_M_S_DT,others,1633
LVL3_HYPOTHYR_CLM_CNT,others,60
LVL3_HYPOTHYR_VST_CNT,others,59
LVL3_HYPOTHYR_AVG_RXDX,others,5240
LVL3_HYPOXEM_FLAG,others,2
LVL3_HYPOXEM_M_S_DT,others,1917
LVL3_HYPOXEM_CLM_CNT,others,115
LVL3_HYPOXEM_VST_CNT,others,111
LVL3_HYPOXEM_AVG_RXDX,others,6424
LVL3_INFLU_FLAG,others,2
LVL3_INFLU_M_S_DT,others,628
LVL3_INFLU_CLM_CNT,others,24
LVL3_INFLU_VST_CNT,others,33
LVL3_INFLU_AVG_RXDX,others,952
LVL3_LEG_EDMA_FLAG,others,2
LVL3_LEG_EDMA_M_S_DT,others,1740
LVL3_LEG_EDMA_CLM_CNT,others,36
LVL3_LEG_EDMA_VST_CNT,others,41
LVL3_LEG_EDMA_AVG_RXDX,others,3429
LVL3_LD_CT_SCAN_FLAG,others,2
LVL3_LD_CT_SCAN_M_S_DT,others,14
LVL3_LD_CT_SCAN_CLM_CNT,others,3
LVL3_LD_CT_SCAN_VST_CNT,others,3
LVL3_LD_CT_SCAN_AVG_RXDX,others,14
LVL3_LUNG_CAN_FLAG,others,2
LVL3_LUNG_CAN_M_S_DT,others,745
LVL3_LUNG_CAN_CLM_CNT,others,107
LVL3_LUNG_CAN_VST_CNT,others,101
LVL3_LUNG_CAN_AVG_RXDX,others,999
LVL3_MAL_FATIG_FLAG,others,2
LVL3_MAL_FATIG_M_S_DT,others,1927
LVL3_MAL_FATIG_CLM_CNT,others,58
LVL3_MAL_FATIG_VST_CNT,others,57
LVL3_MAL_FATIG_AVG_RXDX,others,4766
LVL3_MNTL_CONFSN_FLAG,others,2
LVL3_MNTL_CONFSN_M_S_DT,others,1304
LVL3_MNTL_CONFSN_CLM_CNT,others,27
LVL3_MNTL_CONFSN_VST_CNT,others,36
LVL3_MNTL_CONFSN_AVG_RXDX,others,1642
LVL3_OBS_SLEEP_AP_FLAG,others,2
LVL3_OBS_SLEEP_AP_M_S_DT,others,1785
LVL3_OBS_SLEEP_AP_CLM_CNT,others,115
LVL3_OBS_SLEEP_AP_VST_CNT,others,105
LVL3_OBS_SLEEP_AP_AVG_RXDX,others,5842
LVL3_OSTEOARTH_FLAG,others,2
LVL3_OSTEOARTH_M_S_DT,others,1748
LVL3_OSTEOARTH_CLM_CNT,others,101
LVL3_OSTEOARTH_VST_CNT,others,100
LVL3_OSTEOARTH_AVG_RXDX,others,7040
LVL3_OTHR_LUNG_INF_FLAG,others,2
LVL3_OTHR_LUNG_INF_M_S_DT,others,252
LVL3_OTHR_LUNG_INF_CLM_CNT,others,29
LVL3_OTHR_LUNG_INF_VST_CNT,others,35
LVL3_OTHR_LUNG_INF_AVG_RXDX,others,266
LVL3_O2_USE_FLAG,others,2
LVL3_O2_USE_M_S_DT,others,742
LVL3_O2_USE_CLM_CNT,others,27
LVL3_O2_USE_VST_CNT,others,27
LVL3_O2_USE_AVG_RXDX,others,977
LVL3_PNEU_FLAG,others,2
LVL3_PNEU_M_S_DT,others,2060
LVL3_PNEU_CLM_CNT,others,100
LVL3_PNEU_VST_CNT,others,132
LVL3_PNEU_AVG_RXDX,others,7486
LVL3_POSTNSL_DRIP_FLAG,others,2
LVL3_POSTNSL_DRIP_M_S_DT,others,713
LVL3_POSTNSL_DRIP_CLM_CNT,others,21
LVL3_POSTNSL_DRIP_VST_CNT,others,19
LVL3_POSTNSL_DRIP_AVG_RXDX,others,797
LVL3_PSOR_ARTH_FLAG,others,2
LVL3_PSOR_ARTH_M_S_DT,others,175
LVL3_PSOR_ARTH_CLM_CNT,others,30
LVL3_PSOR_ARTH_VST_CNT,others,26
LVL3_PSOR_ARTH_AVG_RXDX,others,179
LVL3_PULM_H_D_FLAG,others,2
LVL3_PULM_H_D_M_S_DT,others,1682
LVL3_PULM_H_D_CLM_CNT,others,88
LVL3_PULM_H_D_VST_CNT,others,88
LVL3_PULM_H_D_AVG_RXDX,others,3703
LVL3_RAD_EXP_FLAG,others,2
LVL3_RAD_EXP_M_S_DT,others,55
LVL3_RAD_EXP_CLM_CNT,others,7
LVL3_RAD_EXP_VST_CNT,others,9
LVL3_RAD_EXP_AVG_RXDX,others,54
LVL3_RESP_ARRST_FLAG,others,2
LVL3_RESP_ARRST_M_S_DT,others,108
LVL3_RESP_ARRST_CLM_CNT,others,12
LVL3_RESP_ARRST_VST_CNT,others,15
LVL3_RESP_ARRST_AVG_RXDX,others,107
LVL3_RESP_FAIL_FLAG,others,2
LVL3_RESP_FAIL_M_S_DT,others,1852
LVL3_RESP_FAIL_CLM_CNT,others,120
LVL3_RESP_FAIL_VST_CNT,others,155
LVL3_RESP_FAIL_AVG_RXDX,others,5643
LVL3_SMOKER_FLAG,others,2
LVL3_SMOKER_M_S_DT,others,1537
LVL3_SMOKER_CLM_CNT,others,30
LVL3_SMOKER_VST_CNT,others,30
LVL3_SMOKER_AVG_RXDX,others,2768
LVL3_SOB_DYSP_FLAG,others,2
LVL3_SOB_DYSP_M_S_DT,others,2074
LVL3_SOB_DYSP_CLM_CNT,others,109
LVL3_SOB_DYSP_VST_CNT,others,111
LVL3_SOB_DYSP_AVG_RXDX,others,11337
LVL3_STROKE_FLAG,others,2
LVL3_STROKE_M_S_DT,others,1448
LVL3_STROKE_CLM_CNT,others,56
LVL3_STROKE_VST_CNT,others,67
LVL3_STROKE_AVG_RXDX,others,2075
LVL3_TACHYCARD_FLAG,others,2
LVL3_TACHYCARD_M_S_DT,others,1317
LVL3_TACHYCARD_CLM_CNT,others,25
LVL3_TACHYCARD_VST_CNT,others,29
LVL3_TACHYCARD_AVG_RXDX,others,1570
LVL3_TREMORS_FLAG,others,2
LVL3_TREMORS_M_S_DT,others,593
LVL3_TREMORS_CLM_CNT,others,18
LVL3_TREMORS_VST_CNT,others,18
LVL3_TREMORS_AVG_RXDX,others,640
LVL3_TUBERCUL_FLAG,others,2
LVL3_TUBERCUL_M_S_DT,others,206
LVL3_TUBERCUL_CLM_CNT,others,19
LVL3_TUBERCUL_VST_CNT,others,26
LVL3_TUBERCUL_AVG_RXDX,others,219
LVL3_WEIGHT_LS_FLAG,others,2
LVL3_WEIGHT_LS_M_S_DT,others,1395
LVL3_WEIGHT_LS_CLM_CNT,others,33
LVL3_WEIGHT_LS_VST_CNT,others,35
LVL3_WEIGHT_LS_AVG_RXDX,others,2243
LVL3_ANTI_ARTH_LRXDX_FLAG,others,2
LVL3_ANTI_ARTH_LRXDX_M_S_DT,others,2022
LVL3_ANTI_ARTH_LRXDX_CLM_CNT,others,177
LVL3_ANTI_ARTH_LRXDX_VST_CNT,others,2
LVL3_ANTI_ARTH_LRXDX_AVG_RXDX,others,12083
LVL3_ANTI_ASTH_LRXDX_FLAG,others,2
LVL3_ANTI_ASTH_LRXDX_M_S_DT,others,2203
LVL3_ANTI_ASTH_LRXDX_CLM_CNT,others,246
LVL3_ANTI_ASTH_LRXDX_VST_CNT,others,2
LVL3_ANTI_ASTH_LRXDX_AVG_RXDX,others,14918
LVL3_ANTI_BIO_LRXDX_FLAG,others,2
LVL3_ANTI_BIO_LRXDX_M_S_DT,others,2064
LVL3_ANTI_BIO_LRXDX_CLM_CNT,others,175
LVL3_ANTI_BIO_LRXDX_VST_CNT,others,2
LVL3_ANTI_BIO_LRXDX_AVG_RXDX,others,17561
LVL3_ANTI_COAG_LRXDX_FLAG,others,2
LVL3_ANTI_COAG_LRXDX_M_S_DT,others,1973
LVL3_ANTI_COAG_LRXDX_CLM_CNT,others,116
LVL3_ANTI_COAG_LRXDX_VST_CNT,others,2
LVL3_ANTI_COAG_LRXDX_AVG_RXDX,others,6325
LVL3_ANTI_DIAB_LRXDX_FLAG,others,2
LVL3_ANTI_DIAB_LRXDX_M_S_DT,others,1786
LVL3_ANTI_DIAB_LRXDX_CLM_CNT,others,232
LVL3_ANTI_DIAB_LRXDX_VST_CNT,others,2
LVL3_ANTI_DIAB_LRXDX_AVG_RXDX,others,9525
LVL3_AN_HYPERLP_LRXDX_FLAG,others,2
LVL3_AN_HYPERLP_LRXDX_M_S_DT,others,1985
LVL3_AN_HYPERLP_LRXDX_CLM_CNT,others,216
LVL3_AN_HYPERLP_LRXDX_VST_CNT,others,2
LVL3_AN_HYPERLP_LRXDX_AVG_RXDX,others,17759
LVL3_COPD_LRXDX_FLAG,others,2
LVL3_COPD_LRXDX_M_S_DT,others,7
LVL3_COPD_LRXDX_CLM_CNT,others,5
LVL3_COPD_LRXDX_VST_CNT,others,2
LVL3_COPD_LRXDX_AVG_RXDX,others,7
LVL3_CROHNS_LRXDX_FLAG,others,2
LVL3_CROHNS_LRXDX_M_S_DT,others,398
LVL3_CROHNS_LRXDX_CLM_CNT,others,59
LVL3_CROHNS_LRXDX_VST_CNT,others,2
LVL3_CROHNS_LRXDX_AVG_RXDX,others,510
LVL3_GERD_LRXDX_FLAG,others,2
LVL3_GERD_LRXDX_M_S_DT,others,2114
LVL3_GERD_LRXDX_CLM_CNT,others,158
LVL3_GERD_LRXDX_VST_CNT,others,2
LVL3_GERD_LRXDX_AVG_RXDX,others,15148
LVL3_LNG_CA_AO_LRXDX_FLAG,others,2
LVL3_LNG_CA_AO_LRXDX_M_S_DT,others,39
LVL3_LNG_CA_AO_LRXDX_CLM_CNT,others,14
LVL3_LNG_CA_AO_LRXDX_VST_CNT,others,2
LVL3_LNG_CA_AO_LRXDX_AVG_RXDX,others,39
LVL3_CARD_AGNT_LRXDX_FLAG,others,2
LVL3_CARD_AGNT_LRXDX_M_S_DT,others,2045
LVL3_CARD_AGNT_LRXDX_CLM_CNT,others,426
LVL3_CARD_AGNT_LRXDX_VST_CNT,others,2
LVL3_CARD_AGNT_LRXDX_AVG_RXDX,others,25433
LVL3_COUGH_SUP_LRXDX_FLAG,others,2
LVL3_COUGH_SUP_LRXDX_M_S_DT,others,2117
LVL3_COUGH_SUP_LRXDX_CLM_CNT,others,94
LVL3_COUGH_SUP_LRXDX_VST_CNT,others,2
LVL3_COUGH_SUP_LRXDX_AVG_RXDX,others,6504
LVL3_PRED_LRXDX_FLAG,others,2
LVL3_PRED_LRXDX_M_S_DT,others,2215
LVL3_PRED_LRXDX_CLM_CNT,others,110
LVL3_PRED_LRXDX_VST_CNT,others,2
LVL3_PRED_LRXDX_AVG_RXDX,others,11083
LVL3_THYRD_AGNT_LRXDX_FLAG,others,2
LVL3_THYRD_AGNT_LRXDX_M_S_DT,others,1659
LVL3_THYRD_AGNT_LRXDX_CLM_CNT,others,148
LVL3_THYRD_AGNT_LRXDX_VST_CNT,others,2
LVL3_THYRD_AGNT_LRXDX_AVG_RXDX,others,8098
